regio,comu,codice_comune,avg_score
Campania,Napoli,063049,100.0
Lombardia,Milano,015146,100.0
Piemonte,Torinoo,001272,96.15384615384616
Lazio,Rma,058091,92.85714285714286
Calabria,Reggio Calabr,80065,96.42857142857143
